Name,Product Name,Description,Category,Type,Quantity,Estimated Cost,Total Cost,URL
"Main System Controller","Xilinx XCZU7EV-2FLGA1156E Zynq UltraScale+ MPSoC","","electrical","mcu",1,1500.00,1500.00,"https://www.digikey.com/en/products/result?keywords=XCZU7EV-2FLGA1156E"
"Safety Watchdog MCU","STMicroelectronics STM32F042K6T6","","electrical","mcu",1,2.00,2.00,"https://www.digikey.com/en/products/result?keywords=STM32F042K6T6"
"High-Speed DDS DAC","Analog Devices AD9162BBPZ","","electrical","module",1,400.00,400.00,"https://www.digikey.com/en/products/result?keywords=AD9162BBPZ"
"RF Variable Attenuator","Mini-Circuits ZX73-2500-S+","","electrical","module",1,150.00,150.00,"https://www.digikey.com/en/products/result?keywords=ZX73-2500-S%2B"
"RF Amplifier (Low Band Optimized)","E&I 1040L (or equivalent)","","electrical","module",1,10000.00,10000.00,"https://www.digikey.com/en/products/result?keywords=RF+Power+Amplifier+50W+1040L"
"RF Amplifier (High Band Optimized)","E&I 1040L (or equivalent)","","electrical","module",1,10000.00,10000.00,"https://www.digikey.com/en/products/result?keywords=RF+Power+Amplifier+50W+1040L"
"RF Relay Matrix (Amp A Input)","Custom 1x2 RF Relay","","electrical","module",1,50.00,50.00,"https://www.digikey.com/en/products/result?keywords=RF+Relay+SPDT+SMA"
"RF Relay Matrix (Amp B Input)","Custom 1x2 RF Relay","","electrical","module",1,50.00,50.00,"https://www.digikey.com/en/products/result?keywords=RF+Relay+SPDT+SMA"
"RF Relay Matrix (Transducer Output)","Custom 2x8 RF Relay Matrix","","electrical","module",1,800.00,800.00,"https://www.digikey.com/en/products/result?keywords=RF+Switch+SP8T+SMA"
"Directional Coupler (Amp A)","Mini-Circuits ZFBDC20-900HP","","electrical","module",1,200.00,200.00,"https://www.digikey.com/en/products/result?keywords=ZFBDC20-900HP"
"Directional Coupler (Amp B)","Mini-Circuits ZFBDC20-900HP","","electrical","module",1,200.00,200.00,"https://www.digikey.com/en/products/result?keywords=ZFBDC20-900HP"
"Power Monitor ADC","Texas Instruments ADS131M04","","electrical","sensor",1,15.00,15.00,"https://www.digikey.com/en/products/result?keywords=ADS131M04"
"Matching Network (Transducer 1)","Custom Motorized L-Section","","electrical","module",1,200.00,200.00,"https://www.digikey.com/en/products/result?keywords=motorized+variable+capacitor"
"Matching Network (Transducer 2)","Custom Motorized L-Section","","electrical","module",1,200.00,200.00,"https://www.digikey.com/en/products/result?keywords=motorized+variable+capacitor"
"Matching Network (Transducer 3)","Custom Motorized L-Section","","electrical","module",1,200.00,200.00,"https://www.digikey.com/en/products/result?keywords=motorized+variable+capacitor"
"Matching Network (Transducer 4)","Custom Motorized L-Section","","electrical","module",1,200.00,200.00,"https://www.digikey.com/en/products/result?keywords=motorized+variable+capacitor"
"Matching Network (Transducer 5)","Custom Motorized L-Section","","electrical","module",1,200.00,200.00,"https://www.digikey.com/en/products/result?keywords=motorized+variable+capacitor"
"Matching Network (Transducer 6)","Custom Motorized L-Section","","electrical","module",1,200.00,200.00,"https://www.digikey.com/en/products/result?keywords=motorized+variable+capacitor"
"Matching Network (Transducer 7)","Custom Motorized L-Section","","electrical","module",1,200.00,200.00,"https://www.digikey.com/en/products/result?keywords=motorized+variable+capacitor"
"Matching Network (Transducer 8)","Custom Motorized L-Section","","electrical","module",1,200.00,200.00,"https://www.digikey.com/en/products/result?keywords=motorized+variable+capacitor"
"Transducer T-450 (450 kHz)","Custom PZT-4 Spherical Cap Transducer","","electrical","actuator",1,1500.00,1500.00,"https://www.digikey.com/en/products/result?keywords=PZT+ultrasonic+transducer+450kHz"
"Transducer T-709 (709 kHz)","Custom PZT-4 Spherical Cap Transducer","","electrical","actuator",1,1500.00,1500.00,"https://www.digikey.com/en/products/result?keywords=PZT+ultrasonic+transducer+709kHz"
"Transducer T-788 (788 kHz)","Custom PZT-4 Spherical Cap Transducer","","electrical","actuator",1,1500.00,1500.00,"https://www.digikey.com/en/products/result?keywords=PZT+ultrasonic+transducer+788kHz"
"Transducer T-886 (886 kHz)","Custom PZT-8 Spherical Cap Transducer","","electrical","actuator",1,1500.00,1500.00,"https://www.digikey.com/en/products/result?keywords=PZT+ultrasonic+transducer+886kHz"
"Transducer T-1013 (1013 kHz)","Custom PZT-8 Spherical Cap Transducer","","electrical","actuator",1,1500.00,1500.00,"https://www.digikey.com/en/products/result?keywords=PZT+ultrasonic+transducer+1013kHz"
"Transducer T-1182 (1182 kHz)","Custom PZT-8 Spherical Cap Transducer","","electrical","actuator",1,1500.00,1500.00,"https://www.digikey.com/en/products/result?keywords=PZT+ultrasonic+transducer+1182kHz"
"Transducer T-1773 (1773 kHz)","Custom PZT-8 Spherical Cap Transducer","","electrical","actuator",1,1500.00,1500.00,"https://www.digikey.com/en/products/result?keywords=PZT+ultrasonic+transducer+1773kHz"
"Transducer T-2000 (2000 kHz)","Custom PZT-8 Spherical Cap Transducer","","electrical","actuator",1,1500.00,1500.00,"https://www.digikey.com/en/products/result?keywords=PZT+ultrasonic+transducer+2000kHz"
"RF Pulse Switch","Mini-Circuits ZYSW-2-50DR","","electrical","module",1,100.00,100.00,"https://www.digikey.com/en/products/result?keywords=ZYSW-2-50DR"
"Hydrophone (Acoustic Pressure)","Precision Acoustics HNP-0400","","electrical","sensor",1,3000.00,3000.00,"https://www.digikey.com/en/products/result?keywords=Precision+Acoustics+HNP-0400"
"Hydrophone Pre-amplifier","Custom 40dB Preamp (Battery Powered)","","electrical","module",1,500.00,500.00,"https://www.digikey.com/en/products/result?keywords=Hydrophone+Preamp"
"Passive Cavitation Detector (PCD)","Custom Broadband PZT Element","","electrical","sensor",1,300.00,300.00,"https://www.digikey.com/en/products/result?keywords=PZT+broadband+sensor"
"PCD Bandpass Filter Bank","Custom Multi-Bandpass Filter","","electrical","module",1,250.00,250.00,"https://www.digikey.com/en/products/result?keywords=Active+bandpass+filter+bank"
"X-Axis Stepper Motor","NEMA 17 Stepper Motor (59 Ncm)","","electrical","actuator",1,30.00,30.00,"https://www.digikey.com/en/products/result?keywords=NEMA+17+Stepper+59Ncm"
"Y-Axis Stepper Motor","NEMA 17 Stepper Motor (59 Ncm)","","electrical","actuator",1,30.00,30.00,"https://www.digikey.com/en/products/result?keywords=NEMA+17+Stepper+59Ncm"
"Z-Axis Stepper Motor","NEMA 17 Stepper Motor (59 Ncm)","","electrical","actuator",1,30.00,30.00,"https://www.digikey.com/en/products/result?keywords=NEMA+17+Stepper+59Ncm"
"X-Axis Stepper Driver","Trinamic TMC2209","Stepper motor driver for recoater blade.","electrical","module",1,10.00,10.00,"https://www.digikey.com/en/products/result?keywords=TMC2209"
"Y-Axis Stepper Driver","Trinamic TMC2209","Stepper motor driver for recoater blade.","electrical","module",1,10.00,10.00,"https://www.digikey.com/en/products/result?keywords=TMC2209"
"Z-Axis Stepper Driver","Trinamic TMC2209","Stepper motor driver for recoater blade.","electrical","module",1,10.00,10.00,"https://www.digikey.com/en/products/result?keywords=TMC2209"
"X-Axis Rotary Encoder","Optical Rotary Encoder (1000 PPR)","","electrical","sensor",1,50.00,50.00,"https://www.digikey.com/en/products/result?keywords=1000+PPR+optical+encoder"
"Y-Axis Rotary Encoder","Optical Rotary Encoder (1000 PPR)","","electrical","sensor",1,50.00,50.00,"https://www.digikey.com/en/products/result?keywords=1000+PPR+optical+encoder"
"Z-Axis Rotary Encoder","Optical Rotary Encoder (1000 PPR)","","electrical","sensor",1,50.00,50.00,"https://www.digikey.com/en/products/result?keywords=1000+PPR+optical+encoder"
"Peltier TEC (Cell Chamber)","TEC1-12706 Thermoelectric Cooler","Thermoelectric cooler for active cooling in one zone.","electrical","actuator",1,15.00,15.00,"https://www.digikey.com/en/products/result?keywords=TEC1-12706"
"PT100 RTD (Cell Chamber)","PT100 Class A RTD","","electrical","sensor",1,20.00,20.00,"https://www.digikey.com/en/products/result?keywords=PT100+Class+A"
"RTD Amplifier (Cell Chamber)","Analog Devices MAX31865","","electrical","module",1,10.00,10.00,"https://www.digikey.com/en/products/result?keywords=MAX31865"
"Optical O2 Sensor","PyroScience OXSP5","","electrical","sensor",1,800.00,800.00,"https://www.digikey.com/en/products/result?keywords=PyroScience+OXSP5"
"CO2 NDIR Sensor","Sensirion SCD30","Non-dispersive infrared (NDIR) CO2 sensor with integrated temperature and humidity sensing, I2C interface.","electrical","sensor",1,80.00,80.00,"https://www.digikey.com/en/products/result?keywords=SCD30"
"Animal Stage Heater","Silicone Heater Pad","High-power silicone heater pad for the build plate.","electrical","actuator",1,20.00,20.00,"https://www.digikey.com/en/products/result?keywords=Silicone+Heater+Pad+12V"
"PT100 RTD (Animal Stage)","PT100 Class A RTD","","electrical","sensor",1,20.00,20.00,"https://www.digikey.com/en/products/result?keywords=PT100+Class+A"
"RTD Amplifier (Animal Stage)","Analog Devices MAX31865","","electrical","module",1,10.00,10.00,"https://www.digikey.com/en/products/result?keywords=MAX31865"
"Respiration Pressure Sensor","Analog Pressure Sensor (MPX series or similar)","","electrical","sensor",1,50.00,50.00,"https://www.digikey.com/en/products/result?keywords=MPX+pressure+sensor+low+pressure"
"Chiller Loop Thermoelectric Module","Thermoelectric Chiller Module (200W)","","electrical","actuator",1,150.00,150.00,"https://www.digikey.com/en/products/result?keywords=thermoelectric+chiller+200W"
"Circulation Pump","DC Brushless Water Pump (2 L/min)","","electrical","actuator",1,40.00,40.00,"https://www.digikey.com/en/products/result?keywords=DC+brushless+water+pump+2L%2Fmin"
"Water Bath Temperature Sensor","DS18B20 Digital Temperature Sensor","Digital temperature sensor to monitor the internal temperature and control the Peltier module via PWM.","electrical","sensor",1,5.00,5.00,"https://www.digikey.com/en/products/result?keywords=DS18B20"
"Reflector Linear Actuator","NEMA 17 Stepper Motor with Leadscrew","","electrical","actuator",1,60.00,60.00,"https://www.digikey.com/en/products/result?keywords=NEMA+17+leadscrew+stepper"
"Reflector Linear Encoder","Linear Optical Encoder","","electrical","sensor",1,70.00,70.00,"https://www.digikey.com/en/products/result?keywords=linear+optical+encoder"
"Main Safety Relay Module","Pilz PNOZ s5","","electrical","module",1,300.00,300.00,"https://www.digikey.com/en/products/result?keywords=Pilz+PNOZ+s5"
"E-Stop Latching Button","Industrial Latching E-Stop Pushbutton","Safety critical input to immediately halt all machine operation.","electrical","module",1,30.00,30.00,"https://www.digikey.com/en/products/result?keywords=Latching+E-Stop+Pushbutton"
"Door Interlock Switch","Safety Door Interlock Switch NC","","electrical","sensor",1,40.00,40.00,"https://www.digikey.com/en/products/result?keywords=safety+door+interlock+NC"
"Hardware Thermal Cutoff Comparator","Analog Comparator + Thermistor/RTD","","electrical","module",1,20.00,20.00,"https://www.digikey.com/en/products/result?keywords=Analog+Comparator+Temperature+Switch"
"Hardware Pressure Limit Comparator","Analog Comparator + Pressure Sensor","","electrical","module",1,30.00,30.00,"https://www.digikey.com/en/products/result?keywords=Analog+Comparator+Pressure+Switch"
"Animal Body Temp Window Comparator","Dual Analog Comparator + Thermistor/RTD","","electrical","module",1,25.00,25.00,"https://www.digikey.com/en/products/result?keywords=Analog+Window+Comparator+Temperature"
"Anesthesia Waste Gas Flow Sensor","Micro-flow Sensor (NC contact)","","electrical","sensor",1,80.00,80.00,"https://www.digikey.com/en/products/result?keywords=gas+flow+sensor+NC"
"Medical Grade Isolation Transformer","Toroidal Isolation Transformer (IEC 60601-1)","","electrical","power",1,300.00,300.00,"https://www.digikey.com/en/products/result?keywords=Medical+Isolation+Transformer+60601"
"24V DC Power Supply","Mean Well RSP-320-24","Standard industrial power supply for low-voltage control electronics and MCU.","electrical","power",1,80.00,80.00,"https://www.digikey.com/en/products/result?keywords=RSP-320-24"
"5V Buck Converter","Texas Instruments TPS5430","Step-down voltage regulator for converting input power to a stable 12V rail for certain components.","electrical","power",1,5.00,5.00,"https://www.digikey.com/en/products/result?keywords=TPS5430"
"3.3V LDO Regulator","Texas Instruments TPS7A45","","electrical","power",1,3.00,3.00,"https://www.digikey.com/en/products/result?keywords=TPS7A45"
"12V Buck Converter","Step-down converter (LM2596 based)","","electrical","power",1,5.00,5.00,"https://www.digikey.com/en/products/result?keywords=LM2596+buck+converter"
"7-inch Touchscreen Display","7 inch LVDS/HDMI Capacitive Touchscreen","","electrical","display",1,150.00,150.00,"https://www.digikey.com/en/products/result?keywords=7+inch+LVDS+HDMI+touchscreen"
"Imaging Camera (Live/Dead Staining)","FLIR Blackfly S BFS-U3-51S5C-C","High-resolution global shutter camera for stereo vision and machine learning perception.","electrical","sensor",1,1200.00,1200.00,"https://www.digikey.com/en/products/result?keywords=BFS-U3-51S5C-C"
"470nm LED Illumination","High Power 470nm LED Array","","electrical","actuator",1,20.00,20.00,"https://www.digikey.com/en/products/result?keywords=470nm+high+power+LED"
"Transducer Turret Stepper Motor","NEMA 17 Stepper Motor (with encoder)","NEMA 17 stepper motor with integrated encoder for left drive wheel.","electrical","actuator",1,70.00,70.00,"https://www.digikey.com/en/products/result?keywords=NEMA+17+stepper+encoder"
"Transducer Turret Stepper Driver","Trinamic TMC2209","Stepper motor driver for recoater blade.","electrical","module",1,10.00,10.00,"https://www.digikey.com/en/products/result?keywords=TMC2209"
"Reflector Stage Stepper Motor","NEMA 17 Stepper Motor","Stepper motor for X-axis movement via leadscrew.","electrical","actuator",1,30.00,30.00,"https://www.digikey.com/en/products/result?keywords=NEMA+17+Stepper+59Ncm"
"Reflector Stage Stepper Driver","Trinamic TMC2209","Stepper motor driver for recoater blade.","electrical","module",1,10.00,10.00,"https://www.digikey.com/en/products/result?keywords=TMC2209"
"Frame Front Vertical Extrusion","80/20 30x30mm Aluminum Extrusion","Front vertical aluminum extrusion for main frame, 30x30mm profile.","mechanical","structural",2,15.00,30.00,"https://www.amazon.com/s?k=30x30mm+aluminum+extrusion+400mm"
"Frame Rear Vertical Extrusion","80/20 30x30mm Aluminum Extrusion","Rear vertical aluminum extrusion for main frame, 30x30mm profile.","mechanical","structural",2,15.00,30.00,"https://www.amazon.com/s?k=30x30mm+aluminum+extrusion+400mm"
"Frame Left Horizontal Extrusion (Bottom)","80/20 30x30mm Aluminum Extrusion","Left horizontal aluminum extrusion for the bottom of the main frame, 30x30mm profile.","mechanical","structural",1,18.00,18.00,"https://www.amazon.com/s?k=30x30mm+aluminum+extrusion+500mm"
"Frame Right Horizontal Extrusion (Bottom)","80/20 30x30mm Aluminum Extrusion","Right horizontal aluminum extrusion for the bottom of the main frame, 30x30mm profile.","mechanical","structural",1,18.00,18.00,"https://www.amazon.com/s?k=30x30mm+aluminum+extrusion+500mm"
"Frame Front Horizontal Extrusion (Bottom)","80/20 30x30mm Aluminum Extrusion","Front horizontal aluminum extrusion for the bottom of the main frame, 30x30mm profile.","mechanical","structural",1,15.00,15.00,"https://www.amazon.com/s?k=30x30mm+aluminum+extrusion+400mm"
"Frame Rear Horizontal Extrusion (Bottom)","80/20 30x30mm Aluminum Extrusion","Rear horizontal aluminum extrusion for the bottom of the main frame, 30x30mm profile.","mechanical","structural",1,15.00,15.00,"https://www.amazon.com/s?k=30x30mm+aluminum+extrusion+400mm"
"Frame Left Horizontal Extrusion (Middle Shelf)","80/20 30x30mm Aluminum Extrusion","Left horizontal aluminum extrusion for the middle shelf level, 30x30mm profile.","mechanical","structural",1,18.00,18.00,"https://www.amazon.com/s?k=30x30mm+aluminum+extrusion+500mm"
"Frame Right Horizontal Extrusion (Middle Shelf)","80/20 30x30mm Aluminum Extrusion","Right horizontal aluminum extrusion for the middle shelf level, 30x30mm profile.","mechanical","structural",1,18.00,18.00,"https://www.amazon.com/s?k=30x30mm+aluminum+extrusion+500mm"
"Frame Front Horizontal Extrusion (Middle Shelf)","80/20 30x30mm Aluminum Extrusion","Front horizontal aluminum extrusion for the middle shelf level, 30x30mm profile.","mechanical","structural",1,15.00,15.00,"https://www.amazon.com/s?k=30x30mm+aluminum+extrusion+400mm"
"Frame Rear Horizontal Extrusion (Middle Shelf)","80/20 30x30mm Aluminum Extrusion","Rear horizontal aluminum extrusion for the middle shelf level, 30x30mm profile.","mechanical","structural",1,15.00,15.00,"https://www.amazon.com/s?k=30x30mm+aluminum+extrusion+400mm"
"Frame Left Horizontal Extrusion (Top Shelf)","80/20 30x30mm Aluminum Extrusion","Left horizontal aluminum extrusion for the top shelf level, 30x30mm profile.","mechanical","structural",1,18.00,18.00,"https://www.amazon.com/s?k=30x30mm+aluminum+extrusion+500mm"
"Frame Right Horizontal Extrusion (Top Shelf)","80/20 30x30mm Aluminum Extrusion","Right horizontal aluminum extrusion for the top shelf level, 30x30mm profile.","mechanical","structural",1,18.00,18.00,"https://www.amazon.com/s?k=30x30mm+aluminum+extrusion+500mm"
"Frame Front Horizontal Extrusion (Top Shelf)","80/20 30x30mm Aluminum Extrusion","Front horizontal aluminum extrusion for the top shelf level, 30x30mm profile.","mechanical","structural",1,15.00,15.00,"https://www.amazon.com/s?k=30x30mm+aluminum+extrusion+400mm"
"Frame Rear Horizontal Extrusion (Top Shelf)","80/20 30x30mm Aluminum Extrusion","Rear horizontal aluminum extrusion for the top shelf level, 30x30mm profile.","mechanical","structural",1,15.00,15.00,"https://www.amazon.com/s?k=30x30mm+aluminum+extrusion+400mm"
"Aluminum Extrusion Corner Bracket","80/20 30x30mm Corner Bracket","L-shaped corner brackets for joining aluminum extrusions.","mechanical","misc",24,1.50,36.00,"https://s.click.aliexpress.com/s/fwx308cRD9Eny963e3KDdYxyIpNj8TXVr7saiF9Um5rMUg1kZtJALLnfa2LNXtiVgnxdD8Og6MmvwBoxhnSYQGM6r0c08U4TfX8DFGo7vviCuu3q62Q60OAhRZcqm3G8PtwM69xY7TOEWRrvulP5ukZQ4uQbBBtaVsdr6EffAqVmp3O5GyUANU2DoA3dJufNhDfh7KOlLgKIvRVhDxRESHLmea6fTE26gLUqKEUuuizJiLENrCbax94DZHDu8WhaXM9vQ86gzlqceNPO5w3vwXm4VrBF3x2lAMEl06wgNdTSMiT7cNG4HIdW0JyaCwXKtxbAFR7ok0MKqcPhLF5mWpP04jv9VWUlMDC4CGtiw7au2aX58h9IaUESBX5ZdpAH4KG6k86Ywsy7ppREbGfOrVzro2IPfL11m6rqVCowv6IvcTrVzV8kcduIYXhrOsSFPkGfmB64xFEiMN7zmuYfSbjSXsmJGbaihHyLdvIXpOzATT1cQoZvg9dXRj9c4GpTmEKr0uC0dZxKDhRfab1mrBMn7vnPr49w4fsoBNgfgwhHrLWmoYRXYOesJ0pieuJGM3vhfq9ERArByO8UgToDm6sTYNQYpuVVCUpefByNG88CCF1GFePZnYDBIuTX0VElr6EbSBML9bFWMdn9ytFXHASbgsGuZxS8uAt00LJZQxX3UhLZnJla5EDu6QqFhUfGyfcv45gNvp6Ft7YtJAIRXCLOyhzOdKJ6bU5ya8nXXow83nvucDYAfincx5hdEUeUOR6Bpb7N31MJUroIkr1wZWrM34zBTCpLTC3eqTPHiZztfAV2rAOKeO0n6sCz7dyxvi1XIvxk2pSEdcC715RJpsCWu4XY9AFMbSjyRFGtVmiiXk1XCOKykPniXKZ6qDi9yEkzbJwlYtPCoLQJvtbR3cbgFumsDdfOgTSIYQLhJo7RADTwp0jN7Kanito9EidGABGCpNcujJdd3whiB1"
"M6 T-Slot Nut","M6 T-Slot Nut","Sliding T-slot nuts for M6 bolts in 30x30mm aluminum extrusions.","mechanical","misc",100,0.20,20.00,"https://s.click.aliexpress.com/s/fwx308cRD9Eny963e3KDdYxyIpNj8TXVr7saiF9Um5rMUg1kZtJALLnfa2LNXtiVgnxdD8Og6MmvwBoxhnSYQGM6r0c08U4TfX8DFGo7vviCuu3q62Q60OAhRZcqm3G8PtwM69xY7TOEWRrvulP5ukZQ4uQbBBtaVsdr6EffAqVmp3O5GyUANU2DoA3dJufNhDfh7KOlLgKIvRVhDxRESHLmea6fTE26gLUqKEUuuizJiLENrCbax94DZHDu8WhaXM9vQ86gzlqceNPO5w3vwXm4VrBF3x2lAMEl06wgNdTSMiT7cNG4HIdW0JxxkoBWuvbrbxy6N7IXIwGVQ2HS4LOqFWwtUklJ7nxQC3UqwqXOZvUPeiE2VcCAeXBYsVJH6stbDxKBaB6qkktLsAVywd9UDo6Ic3KvFuIxr0jNZoJEz1WM5vVL42X7mwve6ouTxJneEALmk0OFBtULT5YxBqWpTeBAWdWUCQHMp7oT1UUIwaK961a1plGLpYQTZBPCLLwwuVaSKmkQLiXzR6FXAaArpge4LPXOtspifIragV2qdY0XgM9Bwbg7mHAXA4ewvtJzu9fMajMVCiw7FHkaTKqxaZQ1etmBVE5blI638Wl1fmcznJsuF3naBKPsQIsa6vvgisDTqDci42nYUGKzXJtGC8BRM0MKXhZwLIB7gkYaN9wMGT3yYHl3ZvGTFcq9UqGHcIbHJrvRf4oFfG99paQIxZdu7mZ4HxhLSlRDuWy1Nos9iOM97oNNPsXXKST9uQcnxC9r71A8OhwFS3RSVmSyF6oH3iiaF3m8PJEYNGr5B2TVtM10gHPomvwLRlpFvZ2L0fr88F7cTd3UwN8zpt0bXYtBFU9ZC4NQa3g8oDnDgrnIzAkUKR5SwFcIWu63i2uiEs0WWUg1KIs1St2kxO4UYxtFxvKo1KOESuCKmvIxHaEBq7jnXHHYEIhO46hQZqIkwyfYSgOLzeRXBz"
"M6 Button Head Screw","M6x12mm Button Head Screw","M6 button head screws for attaching components to T-slot nuts.","mechanical","misc",100,0.15,15.00,"https://s.click.aliexpress.com/s/2YgDK2cRCyl9WNkj7vsiSgwQncOI32ZVsrEzbicWkRKbFTNMQbqbkcFOG1OBsMpz0QZ56yDUfJ22csduZdiHbgpEF7Ex3UKlAchlGNBsOXNNF88rwsDtIBwGctERXF9F8Kr7I88X0k96g6ZMhkO3P6ToLVxDdHRMGJpxZpIjxnmHAvyJtyadmk38EGe6i2o8G7iaV7tYZArmhfSTEi2pVyWdpS5Ka22Bg1szqfWcQUeNEjawjvRvXvFLTCW8qblr7wOZUa4C5MI6y0qLQDHLWOVtAJdfQPdaxc1J66ZU75jZO5kVRz3ZYgkcBaA2Di29cSDhZVz1sEBEyFt7uQdmBOso3HZzyIXNa3JKBAwML8iyQdBMSI5GRYNIDEAhqgAHtulS5gBwff5mxPhHRLPk032mQXUU5YCEaJ27dCfhNS6jHtveymIKkkDQS1zulsQruo3MkdeiaCPeILpoNhPBJYRYmky2C3lxZ2zVIoZdlEOsTAWyeQCtETgFO9iqX9PrToiS94vvYK8mpNl69yp1eLofEqU3uKdnHDCYqRi2hvP3A9x1UI0FDOAgpIebCqY71ttzgsws13H7miLU2xUTdXu6AhwAwwBhDa0f30s3hUgXuiQgPNVjHUrmj3VLcfNbwXXIMtoBts1tb2950wG2xldaJY6mBEwPSugpj6ncS2aRaqOHQLZ91w3ffXlfClUMZF6lnk9kqUHXWNhCfur3U2vHG1kj3klKMsf9KrlLKMhdge5ztj8ZrYC22xvjeJus4lnKEKtXKb2mNWW5WVKQrtUSDQe1qsu9IfCGxKdIBKJm23Wn4J3i1TynrT3eLuyQqIbhjErTKcFPrmTH12te4J4l9EL49QFWymIDYtne8pzJSgS7kRTGfsqwFFDSaA1cJdvoakqNDbTFceL6IKBqjn6gBz46JPzK6YCgx9NM7TEiLnVix7"
"Sorbothane Isolation Foot","Sorbothane Hemisphere Foot 50mm 30 Duro","Hemispherical sorbothane feet for vibration isolation.","mechanical","misc",4,12.00,48.00,"https://www.amazon.com/s?k=sorbothane+hemisphere+50mm+30+duro"
"Bottom Shelf Plate","3mm Aluminum Sheet","Aluminum sheet forming the bottom shelf for Zynq board, power supply, and stepper drivers.","mechanical","structural",1,40.00,40.00,"https://s.click.aliexpress.com/s/fwx308cRD9Eny963e3KDdYxyIpNj8TXVr7saiF9Um5rMUg1kZtJALLnfa2LNXtiVgnxdD8Og6MmvwBoxhnSYQGM6r0c08U4TfX8DFGo7vviCuu3q62Q60OAhRZcqm3G8PtwM69xY7TOEWRrvulP5ukZQ4uQbBBtaVsdr6EffAqVmp3O5GyUANU2DoA3dJufNhDfh7KOlLgKIvRVhDxRESHLmea6fTE26gLUqKEUuuizJiLENrCbax94DZHDu8WhaXM9vQ86gzlqceNPO5w3vwXm4VrBF3x2lAMEl06wgNdTSMiT7cNG4HIdW0JxxmhZPDj39Nril5a8DhnJ25CrE6l8sHtzd5Rlte8sgUsLOzpcy6D1bwHocvdPsPnFjqvAPfmIvGUbpxG6yxhnBJINf4V1uya63b6TxrJy8HhH8z8IyDXzlbbHkH1CsUYS7zakJiS0AUp9r8LPC3n5Vm46Rg6fQG8v1rmjMCTOUtlaET5F9XPTKIuEL3WuBWtheOLbQHL06K8oRdbgmcEc6NeRd4XBjiYKOiOsGczioeNoo3Eq4C1j89M3f5nUPaV1DLGYB09OGEzZWtfJzaWInCOig1s2r1JlnYfyvGpd4zWEeYwOfeUYPwkLUiUuSmfk04G94irIG8CAxj9xbZpwDGaeE3MBJGvFTBCzmC201pjL9AWAJTps7gO466kWugMvBftLcP4cF4PD9dMA3iPq5lNddVFdl0P0XfcyNn7rWJCQzAqMTmwVojdjG3G4fIMxFdpHykKKKc3kkkVwMOvoEtpEvzJoRRTeU6B3eW4edpz8tuvZlIl2VpxotRZODamhO6rKHGFaVerQnJRhGa8RS2QdnrHyjqMFJJ6IFEIWPsXrgaQopy5NVAsRhfQphHtRFLsITToAsYuFgGPrggTfkraa1xq8ZNVBLvfhYJazSQAnoaP8XKU5b3jYaG78aRyV72jpt0PIImjBhoruQOpdumX"
"Middle Shelf Plate","3mm Aluminum Sheet","Aluminum sheet forming the middle shelf for water bath, transducer turret, and XYZ stage.","mechanical","structural",1,40.00,40.00,"https://s.click.aliexpress.com/s/fwx308cRD9Eny963e3KDdYxyIpNj8TXVr7saiF9Um5rMUg1kZtJALLnfa2LNXtiVgnxdD8Og6MmvwBoxhnSYQGM6r0c08U4TfX8DFGo7vviCuu3q62Q60OAhRZcqm3G8PtwM69xY7TOEWRrvulP5ukZQ4uQbBBtaVsdr6EffAqVmp3O5GyUANU2DoA3dJufNhDfh7KOlLgKIvRVhDxRESHLmea6fTE26gLUqKEUuuizJiLENrCbax94DZHDu8WhaXM9vQ86gzlqceNPO5w3vwXm4VrBF3x2lAMEl06wgNdTSMiT7cNG4HIdW0JxxmhZPDj39Nril5a8DhnJ25CrE6l8sHtzd5Rlte8sgUsLOzpcy6D1bwHocvdPsPnFjqvAPfmIvGUbpxG6yxhnBJINf4V1uya63b6TxrJy8HhH8z8IyDXzlbbHkH1CsUYS7zakJiS0AUp9r8LPC3n5Vm46Rg6fQG8v1rmjMCTOUtlaET5F9XPTKIuEL3WuBWtheOLbQHL06K8oRdbgmcEc6NeRd4XBjiYKOiOsGczioeNoo3Eq4C1j89M3f5nUPaV1DLGYB09OGEzZWtfJzaWInCOig1s2r1JlnYfyvGpd4zWEeYwOfeUYPwkLUiUuSmfk04G94irIG8CAxj9xbZpwDGaeE3MBJGvFTBCzmC201pjL9AWAJTps7gO466kWugMvBftLcP4cF4PD9dMA3iPq5lNddVFdl0P0XfcyNn7rWJCQzAqMTmwVojdjG3G4fIMxFdpHykKKKc3kkkVwMOvoEtpEvzJoRRTeU6B3eW4edpz8tuvZlIl2VpxotRZODamhO6rKHGFaVerQnJRhGa8RS2QdnrHyjqMFJJ6IFEIWPsXrgaQopy5NVAsRhfQphHtRFLsITToAsYuFgGPrggTfkraa1xq8ZNVBLvfhYJazSQAnoaP8XKU5b3jYaG78aRyV72jpt0PIImjBhoruQOpdumX"
"Top Shelf Plate","3mm Aluminum Sheet","Aluminum sheet forming the top shelf for RF amp, matching networks, and chiller pump.","mechanical","structural",1,40.00,40.00,"https://s.click.aliexpress.com/s/fwx308cRD9Eny963e3KDdYxyIpNj8TXVr7saiF9Um5rMUg1kZtJALLnfa2LNXtiVgnxdD8Og6MmvwBoxhnSYQGM6r0c08U4TfX8DFGo7vviCuu3q62Q60OAhRZcqm3G8PtwM69xY7TOEWRrvulP5ukZQ4uQbBBtaVsdr6EffAqVmp3O5GyUANU2DoA3dJufNhDfh7KOlLgKIvRVhDxRESHLmea6fTE26gLUqKEUuuizJiLENrCbax94DZHDu8WhaXM9vQ86gzlqceNPO5w3vwXm4VrBF3x2lAMEl06wgNdTSMiT7cNG4HIdW0JxxmhZPDj39Nril5a8DhnJ25CrE6l8sHtzd5Rlte8sgUsLOzpcy6D1bwHocvdPsPnFjqvAPfmIvGUbpxG6yxhnBJINf4V1uya63b6TxrJy8HhH8z8IyDXzlbbHkH1CsUYS7zakJiS0AUp9r8LPC3n5Vm46Rg6fQG8v1rmjMCTOUtlaET5F9XPTKIuEL3WuBWtheOLbQHL06K8oRdbgmcEc6NeRd4XBjiYKOiOsGczioeNoo3Eq4C1j89M3f5nUPaV1DLGYB09OGEzZWtfJzaWInCOig1s2r1JlnYfyvGpd4zWEeYwOfeUYPwkLUiUuSmfk04G94irIG8CAxj9xbZpwDGaeE3MBJGvFTBCzmC201pjL9AWAJTps7gO466kWugMvBftLcP4cF4PD9dMA3iPq5lNddVFdl0P0XfcyNn7rWJCQzAqMTmwVojdjG3G4fIMxFdpHykKKKc3kkkVwMOvoEtpEvzJoRRTeU6B3eW4edpz8tuvZlIl2VpxotRZODamhO6rKHGFaVerQnJRhGa8RS2QdnrHyjqMFJJ6IFEIWPsXrgaQopy5NVAsRhfQphHtRFLsITToAsYuFgGPrggTfkraa1xq8ZNVBLvfhYJazSQAnoaP8XKU5b3jYaG78aRyV72jpt0PIImjBhoruQOpdumX"
"Enclosure Front Panel","3mm Aluminum Sheet","Front panel for the enclosure, hosts display, E-stop, USB, power inlet.","mechanical","enclosure",1,35.00,35.00,"https://s.click.aliexpress.com/s/fwx308cRD9Eny963e3KDdYxyIpNj8TXVr7saiF9Um5rMUg1kZtJALLnfa2LNXtiVgnxdD8Og6MmvwBoxhnSYQGM6r0c08U4TfX8DFGo7vviCuu3q62Q60OAhRZcqm3G8PtwM69xY7TOEWRrvulP5ukZQ4uQbBBtaVsdr6EffAqVmp3O5GyUANU2DoA3dJufNhDfh7KOlLgKIvRVhDxRESHLmea6fTE26gLUqKEUuuizJiLENrCbax94DZHDu8WhaXM9vQ86gzlqceNPO5w3vwXm4VrBF3x2lAMEl06wgNdTSMiT7cNG4HIdW0JxxmhZPDj39Nril5a8DhnJ25CrE6l8sHtzd5Rlte8sgUsLOzpcy6D1bwHocvdPsPnFjqvAPfmIvGUbpxG6yxhnBJINf4V1uya63b6TxrJy8HhH8z8IyDXzlbbHkH1CsUYS7zakJiS0AUp9r8LPC3n5Vm46Rg6fQG8v1rmjMCTOUtlaET5F9XPTKIuEL3WuBWtheOLbQHL06K8oRdbgmcEc6NeRd4XBjiYKOiOsGczioeNoo3Eq4C1j89M3f5nUPaV1DLGYB09OGEzZWtfJzaWInCOig1s2r1JlnYfyvGpd4zWEeYwOfeUYPwkLUiUuSmfk04G94irIG8CAxj9xbZpwDGaeE3MBJGvFTBCzmC201pjL9AWAJTps7gO466kWugMvBftLcP4cF4PD9dMA3iPq5lNddVFdl0P0XfcyNn7rWJCQzAqMTmwVojdjG3G4fIMxFdpHykKKKc3kkkVwMOvoEtpEvzJoRRTeU6B3eW4edpz8tuvZlIl2VpxotRZODamhO6rKHGFaVerQnJRhGa8RS2QdnrHyjqMFJJ6IFEIWPsXrgaQopy5NVAsRhfQphHtRFLsITToAsYuFgGPrggTfkraa1xq8ZNVBLvfhYJazSQAnoaP8XKU5b3jYaG78aRyV72jpt0PIImjBhoruQOpdumX"
"Enclosure Rear Panel","3mm Aluminum Sheet","Rear panel for the enclosure, hosts Ethernet, cooling fan, gas ports.","mechanical","enclosure",1,35.00,35.00,"https://s.click.aliexpress.com/s/fwx308cRD9Eny963e3KDdYxyIpNj8TXVr7saiF9Um5rMUg1kZtJALLnfa2LNXtiVgnxdD8Og6MmvwBoxhnSYQGM6r0c08U4TfX8DFGo7vviCuu3q62Q60OAhRZcqm3G8PtwM69xY7TOEWRrvulP5ukZQ4uQbBBtaVsdr6EffAqVmp3O5GyUANU2DoA3dJufNhDfh7KOlLgKIvRVhDxRESHLmea6fTE26gLUqKEUuuizJiLENrCbax94DZHDu8WhaXM9vQ86gzlqceNPO5w3vwXm4VrBF3x2lAMEl06wgNdTSMiT7cNG4HIdW0JxxmhZPDj39Nril5a8DhnJ25CrE6l8sHtzd5Rlte8sgUsLOzpcy6D1bwHocvdPsPnFjqvAPfmIvGUbpxG6yxhnBJINf4V1uya63b6TxrJy8HhH8z8IyDXzlbbHkH1CsUYS7zakJiS0AUp9r8LPC3n5Vm46Rg6fQG8v1rmjMCTOUtlaET5F9XPTKIuEL3WuBWtheOLbQHL06K8oRdbgmcEc6NeRd4XBjiYKOiOsGczioeNoo3Eq4C1j89M3f5nUPaV1DLGYB09OGEzZWtfJzaWInCOig1s2r1JlnYfyvGpd4zWEeYwOfeUYPwkLUiUuSmfk04G94irIG8CAxj9xbZpwDGaeE3MBJGvFTBCzmC201pjL9AWAJTps7gO466kWugMvBftLcP4cF4PD9dMA3iPq5lNddVFdl0P0XfcyNn7rWJCQzAqMTmwVojdjG3G4fIMxFdpHykKKKc3kkkVwMOvoEtpEvzJoRRTeU6B3eW4edpz8tuvZlIl2VpxotRZODamhO6rKHGFaVerQnJRhGa8RS2QdnrHyjqMFJJ6IFEIWPsXrgaQopy5NVAsRhfQphHtRFLsITToAsYuFgGPrggTfkraa1xq8ZNVBLvfhYJazSQAnoaP8XKU5b3jYaG78aRyV72jpt0PIImjBhoruQOpdumX"
"Enclosure Left Side Panel","3mm Aluminum Sheet","Left side panel for the enclosure.","mechanical","enclosure",1,40.00,40.00,"https://s.click.aliexpress.com/s/fwx308cRD9Eny963e3KDdYxyIpNj8TXVr7saiF9Um5rMUg1kZtJALLnfa2LNXtiVgnxdD8Og6MmvwBoxhnSYQGM6r0c08U4TfX8DFGo7vviCuu3q62Q60OAhRZcqm3G8PtwM69xY7TOEWRrvulP5ukZQ4uQbBBtaVsdr6EffAqVmp3O5GyUANU2DoA3dJufNhDfh7KOlLgKIvRVhDxRESHLmea6fTE26gLUqKEUuuizJiLENrCbax94DZHDu8WhaXM9vQ86gzlqceNPO5w3vwXm4VrBF3x2lAMEl06wgNdTSMiT7cNG4HIdW0JxxmhZPDj39Nril5a8DhnJ25CrE6l8sHtzd5Rlte8sgUsLOzpcy6D1bwHocvdPsPnFjqvAPfmIvGUbpxG6yxhnBJINf4V1uya63b6TxrJy8HhH8z8IyDXzlbbHkH1CsUYS7zakJiS0AUp9r8LPC3n5Vm46Rg6fQG8v1rmjMCTOUtlaET5F9XPTKIuEL3WuBWtheOLbQHL06K8oRdbgmcEc6NeRd4XBjiYKOiOsGczioeNoo3Eq4C1j89M3f5nUPaV1DLGYB09OGEzZWtfJzaWInCOig1s2r1JlnYfyvGpd4zWEeYwOfeUYPwkLUiUuSmfk04G94irIG8CAxj9xbZpwDGaeE3MBJGvFTBCzmC201pjL9AWAJTps7gO466kWugMvBftLcP4cF4PD9dMA3iPq5lNddVFdl0P0XfcyNn7rWJCQzAqMTmwVojdjG3G4fIMxFdpHykKKKc3kkkVwMOvoEtpEvzJoRRTeU6B3eW4edpz8tuvZlIl2VpxotRZODamhO6rKHGFaVerQnJRhGa8RS2QdnrHyjqMFJJ6IFEIWPsXrgaQopy5NVAsRhfQphHtRFLsITToAsYuFgGPrggTfkraa1xq8ZNVBLvfhYJazSQAnoaP8XKU5b3jYaG78aRyV72jpt0PIImjBhoruQOpdumX"
"Enclosure Right Side Panel","3mm Aluminum Sheet","Right side panel for the enclosure.","mechanical","enclosure",1,40.00,40.00,"https://s.click.aliexpress.com/s/fwx308cRD9Eny963e3KDdYxyIpNj8TXVr7saiF9Um5rMUg1kZtJALLnfa2LNXtiVgnxdD8Og6MmvwBoxhnSYQGM6r0c08U4TfX8DFGo7vviCuu3q62Q60OAhRZcqm3G8PtwM69xY7TOEWRrvulP5ukZQ4uQbBBtaVsdr6EffAqVmp3O5GyUANU2DoA3dJufNhDfh7KOlLgKIvRVhDxRESHLmea6fTE26gLUqKEUuuizJiLENrCbax94DZHDu8WhaXM9vQ86gzlqceNPO5w3vwXm4VrBF3x2lAMEl06wgNdTSMiT7cNG4HIdW0JxxmhZPDj39Nril5a8DhnJ25CrE6l8sHtzd5Rlte8sgUsLOzpcy6D1bwHocvdPsPnFjqvAPfmIvGUbpxG6yxhnBJINf4V1uya63b6TxrJy8HhH8z8IyDXzlbbHkH1CsUYS7zakJiS0AUp9r8LPC3n5Vm46Rg6fQG8v1rmjMCTOUtlaET5F9XPTKIuEL3WuBWtheOLbQHL06K8oRdbgmcEc6NeRd4XBjiYKOiOsGczioeNoo3Eq4C1j89M3f5nUPaV1DLGYB09OGEzZWtfJzaWInCOig1s2r1JlnYfyvGpd4zWEeYwOfeUYPwkLUiUuSmfk04G94irIG8CAxj9xbZpwDGaeE3MBJGvFTBCzmC201pjL9AWAJTps7gO466kWugMvBftLcP4cF4PD9dMA3iPq5lNddVFdl0P0XfcyNn7rWJCQzAqMTmwVojdjG3G4fIMxFdpHykKKKc3kkkVwMOvoEtpEvzJoRRTeU6B3eW4edpz8tuvZlIl2VpxotRZODamhO6rKHGFaVerQnJRhGa8RS2QdnrHyjqMFJJ6IFEIWPsXrgaQopy5NVAsRhfQphHtRFLsITToAsYuFgGPrggTfkraa1xq8ZNVBLvfhYJazSQAnoaP8XKU5b3jYaG78aRyV72jpt0PIImjBhoruQOpdumX"
"Enclosure Top Panel","3mm Aluminum Sheet","Top panel for the enclosure.","mechanical","enclosure",1,40.00,40.00,"https://s.click.aliexpress.com/s/fwx308cRD9Eny963e3KDdYxyIpNj8TXVr7saiF9Um5rMUg1kZtJALLnfa2LNXtiVgnxdD8Og6MmvwBoxhnSYQGM6r0c08U4TfX8DFGo7vviCuu3q62Q60OAhRZcqm3G8PtwM69xY7TOEWRrvulP5ukZQ4uQbBBtaVsdr6EffAqVmp3O5GyUANU2DoA3dJufNhDfh7KOlLgKIvRVhDxRESHLmea6fTE26gLUqKEUuuizJiLENrCbax94DZHDu8WhaXM9vQ86gzlqceNPO5w3vwXm4VrBF3x2lAMEl06wgNdTSMiT7cNG4HIdW0JxxmhZPDj39Nril5a8DhnJ25CrE6l8sHtzd5Rlte8sgUsLOzpcy6D1bwHocvdPsPnFjqvAPfmIvGUbpxG6yxhnBJINf4V1uya63b6TxrJy8HhH8z8IyDXzlbbHkH1CsUYS7zakJiS0AUp9r8LPC3n5Vm46Rg6fQG8v1rmjMCTOUtlaET5F9XPTKIuEL3WuBWtheOLbQHL06K8oRdbgmcEc6NeRd4XBjiYKOiOsGczioeNoo3Eq4C1j89M3f5nUPaV1DLGYB09OGEzZWtfJzaWInCOig1s2r1JlnYfyvGpd4zWEeYwOfeUYPwkLUiUuSmfk04G94irIG8CAxj9xbZpwDGaeE3MBJGvFTBCzmC201pjL9AWAJTps7gO466kWugMvBftLcP4cF4PD9dMA3iPq5lNddVFdl0P0XfcyNn7rWJCQzAqMTmwVojdjG3G4fIMxFdpHykKKKc3kkkVwMOvoEtpEvzJoRRTeU6B3eW4edpz8tuvZlIl2VpxotRZODamhO6rKHGFaVerQnJRhGa8RS2QdnrHyjqMFJJ6IFEIWPsXrgaQopy5NVAsRhfQphHtRFLsITToAsYuFgGPrggTfkraa1xq8ZNVBLvfhYJazSQAnoaP8XKU5b3jYaG78aRyV72jpt0PIImjBhoruQOpdumX"
"Enclosure Acoustic Foam","25mm Melamine Acoustic Foam","Fire-rated melamine acoustic foam for interior lining of the enclosure.","mechanical","enclosure",4,25.00,100.00,"https://www.amazon.com/s?k=melamine+acoustic+foam+25mm+fire+rated"
"Enclosure Door (Acrylic)","5mm Acrylic Sheet","Acrylic door with magnetic interlock for observation and access.","mechanical","enclosure",1,25.00,25.00,"https://www.amazon.com/s?k=5mm+acrylic+sheet+400x350mm"
"Enclosure Door Hinge","Stainless Steel Piano Hinge","Small stainless steel hinge for the enclosure door.","mechanical","misc",1,8.00,8.00,"https://s.click.aliexpress.com/s/fwx308cRD9Eny963e3KDdYxyIpNj8TXVr7saiF9Um5rMUg1kZtJALLnfa2LNXtiVgnxdD8Og6MmvwBoxhnSYQGM6r0c08U4TfX8DFGo7vviCuu3q62Q60OAhRZcqm3G8PtwM69xY7TOEWRrvulP5ukZQ4uQbBBtaVsdr6EffAqVmp3O5GyUANU2DoA3dJufNhDfh7KOlLgKIvRVhDxRESHLmea6fTE26gLUqKEUuuizJiLENrCbax94DZHDu8WhaXM9vQ86gzlqceNPO5w3vwXm4VrBF3x2lAMEl06wgNdTSMiT7cNG4HIdW0JxRtuCLB98eDCboRpgyZsB3zYCTMo0QUpJuwLmpQry44G5I52VWAf6tOmJLxln3dQzpmia3ewV8TTcEFsd5wcEDkTfzBE9gIZSn81y42owXKay6F56yKqY6tqEDKQeG3oMWpNi4CQtUCPQWtw5WN1V2pbn16hvFVC0FZrvXXpsXpeMwstYPS8o8EKIGCuv1NQKatPa6GCG8W2OTNL7vCtC1vE9PPkfhXWWEdXCwMzO2B1SgVsR7zO7TaGknCnUpgqSUMKtRy0d5mQbLyRPDxKKBRjXPEWYCVQodCNwZ7xRirXRYdXPrMDyuUGInGVJozQbqcx34qdQzvTJdM5JY42dfUJC1K65rUCQiDPOmVtwN2gheQllK6h5Xo9dqbZLR38HmsU8VvAtEZjuOVuzskLxD8CKcoDGewNqLUcNLFk14OfufqqgtB33YwvKihkZi3HmWdFRwuvD4iyQv6iT13yhwgRMaPDiALPJ4WAekSPr07XnaL76mw0DCce2puZfoH4FFEz3rC9eJ8GoOwkxfyM8MaiaKf6UNKEic3PAX5HznV1jV6ZDCDM44aeSjsy9gDQ46w1Sp4gnENC8tUusqhrm5DCpy59cq6z9heRAGl6LD13aafm75d5WSkBpbV3G3ZezQ7NN4SHdy1QkJtAuQh1JiX1"
"Magnetic Door Catch","Magnetic Cabinet Catch","Magnetic catch for the enclosure door, interfaces with door interlock.","mechanical","misc",2,3.00,6.00,"https://s.click.aliexpress.com/s/fwx308cRD9Eny963e3KDdYxyIpNj8TXVr7saiF9Um5rMUg1kZtJALLnfa2LNXtiVgnxdD8Og6MmvwBoxhnSYQGM6r0c08U4TfX8DFGo7vviCuu3q62Q60OAhRZcqm3G8PtwM69xY7TOEWRrvulP5ukZQ4uQbBBtaVsdr6EffAqVmp3O5GyUANU2DoA3dJufNhDfh7KOlLgKIvRVhDxRESHLmea6fTE26gLUqKEUuuizJiLENrCbax94DZHDu8WhaXM9vQ86gzlqceNPO5w3vwXm4VrBF3x2lAMEl06wgNdTSMiT7cNG4HIdW0JxHvsALUFafKQInohbhqBYFBn8ezUeYnMGtR33uuzMtBedjBjyZrFlcnXPAAYFoFRKgxYbkEZje8kA5THroOGvC6QAV4GGCo4d9wyEBnQcBADTLbRptE81O0yfjLMq5lU8GuSQkWpwZdhHlXSrBRf3bPqw9cL865HS9lwu9sShqoNdGjKhkL5nDsJ1IJ3bhElLoMCSrxP9sPqDtFhmk9SUnWUr9Zk1T92wC2hcBTOSbr5nWqMjRZvEqRByDPmoRMacpkyMIRbboaGRTNjWGiBhQb5ijVd6W5zsfVPP0nRNj6KGtFEGLChpOcS885s20cX3R6Xb9WUl0x8SXqMzhwkfHBycfZfbOa2PsxljMP6t6f23PbrKipu0l1i82b4b2U11WNfDVrR9816n6sjXhugw4D354OGrCpOoyU26N4wqsx0zCaQ2lD2kt7dLKBRe0yN2KjFGuQ0MAziwbcht3iyemEUCjjTmjEPO1BFRUcbWcfypUCwZm5tsZ1e1SHRDzSVN503uf4oYfnHVTqzLh8y96w8A37XwPzj96VVtzEeUR7j3IjN4GHXUKtzx3r8yNIL6ArVNNkZmDFmhLdXvrccEsQYhJtTRVqdXDRjWB3M7A2Iyy6aZYVCl2LB2EIBQFUWiJMN5y71A1jwgSeLS0kPTY1N"
"120mm Enclosure Cooling Fan","Noctua NF-F12 industrialPPC-2000 IP67 PWM","120mm filtered intake fan for cooling the enclosure and RF amp heatsink.","mechanical","misc",1,28.00,28.00,"https://www.amazon.com/dp/B0BKGTX5QX?tag=blueprintam-20&linkCode=osi&th=1&psc=1"
"120mm Fan Filter","120mm Dust Filter Grill","Filter for the 120mm intake fan.","mechanical","misc",1,6.00,6.00,"https://s.click.aliexpress.com/s/fwx308cRD9Eny963e3KDdYxyIpNj8TXVr7saiF9Um5rMUg1kZtJALLnfa2LNXtiVgnxdD8Og6MmvwBoxhnSYQGM6r0c08U4TfX8DFGo7vviCuu3q62Q60OAhRZcqm3G8PtwM69xY7TOEWRrvulP5ukZQ4uQbBBtaVsdr6EffAqVmp3O5GyUANU2DoA3dJufNhDfh7KOlLgKIvRVhDxRESHLmea6fTE26gLUqKEUuuizJiLENrCbax94DZHDu8WhaXM9vQ86gzlqceNPO5w3vwXm4VrBF3x2lAMEl06wgNdTSMiT7cNG4HIdW0Jxhb8uZbgHgoN2bJ4fsuI6QIqtYLSufWZedycziDerCd44v19SqZjcIGR95FLC1Mm1kufThTIylCqYod7DzmN3avHtdO4VEO6T05QKgR83ETRDvSP71sRBs0Z1LDWzHlwiMpdqYRkCDRf5wb7ywVeO5f7wJSri7H7wrqwMzU1FtxmJrF1GcEp0ULEHGNsIfayOLNWawh2CdiFglZMW8Nqze1hGWGvgq6BSK0mkS4Zzbe0NbMyif2fSnUXckbWZXs6NGj6Vf3EsfN4R5tkX0JIVUVqbGmG8YXzqRrJ5og8umiFjqE39vf1iXlinstU5Xm4GSNl3vPTFDx39fWJmbHBe5wrRUXEHSRkPJe9DQdqNuFA3GYqLJhrXTjkrH8DWyOS7xOuPwy7ITQGavvjMbjEeWDgHm48tafbFdfgmzISspOe5mvkxQ9lglWwli127ME855URYghO1T8qXjj5YEB5xvWgMMLAhZjzp7VhfDMbRi8OL0ZFYLTezyCAc6NvDOJFwIdka0ZHH42Ggb6FxKzbZ1Xd5zwcG9oM6ld9XmEbUqzJ321EVbler4qINBlCSoJqRQjWJJTENXaAYd5MVickHSDDQCe8KGzmc8lqa6jo3deFv8m15f7HfeaAZW7S1bD5Kkg9KDbC0ADx8wOXl6kKhn5Z"
"RF Amp A Mount Plate","6mm Aluminum Plate","Mounting plate for RF Amplifier A on the top shelf.","mechanical","structural",1,15.00,15.00,"https://www.adafruit.com/product/1220"
"RF Amp B Mount Plate","6mm Aluminum Plate","Mounting plate for RF Amplifier B on the top shelf.","mechanical","structural",1,15.00,15.00,"https://www.adafruit.com/product/1220"
"Matching Network Mount Bracket","","3D printed bracket to mount each impedance matching network module.","mechanical","3d_printed",8,2.50,20.00,"https://www.amazon.com/s?k=petg+filament"
"Chiller Pump Mount Bracket","","3D printed bracket for securing the circulation pump to the top shelf.","mechanical","3d_printed",1,3.00,3.00,"https://www.amazon.com/s?k=petg+filament"
"Water Bath Reservoir","Polypropylene Water Tank","5 L degassed water bath reservoir, made of polypropylene.","mechanical","enclosure",1,30.00,30.00,"https://s.click.aliexpress.com/s/fwx308cRD9Eny963e3KDdYxyIpNj8TXVr7saiF9Um5rMUg1kZtJALLnfa2LNXtiVgnxdD8Og6MmvwBoxhnSYQGM6r0c08U4TfX8DFGo7vviCuu3q62Q60OAhRZcqm3G8PtwM69xY7TOEWRrvulP5ukZQ4uQbBBtaVsdr6EffAqVmp3O5GyUANU2DoA3dJufNhDfh7KOlLgKIvRVhDxRESHLmea6fTE26gLUqKEUuuizJiLENrCbax94DZHDu8WhaXM9vQ86gzlqceNPO5w3vwXm4VrBF3x2lAMEl06wgNdTSMiT7cNG4HIdW0JxwxGOIzUebGpATPMBuJV5L729F6TgAlSHtuu2DPjKAdFJjhuoCwRN268sF6h7wYLy5jLeBJSkUpFrWbEnko7xjXs05Egn9tELJF7NfY3f6n1HxHMKW2dXa5kBYkzAzEKBzgnhAaOAdhkPtVGnmLWQdNDqyoL3dhW5Le56obnnh2slMbO18l0IrGltZbUCBsHrZzvXM6NAt3nM3p4HFOvt0ai6W3PbT4z98J2v4DaLLzgLzGxEc2VRBBUSxbpnlYUDjnm2bkpM6BenrgheuW6RJoNjZi9yCO6X4Gq47wDCQNzOIvuepCQPrK8gIr9pt4SypDSsKpQrWqtUtvg9q0MGOo5SjrA4AYc7i4Db5AoScCTDWz4yyvy5qUAy9wq4xBT2vzUbqAU7u0EHGLWaFHy5HADedk17Gs88CFEDWdtImHpmFRDSj2WDSqTsf0QCdwpqD8kgRPO0X2RZ5qGjnZOKEaxrWmLIdaDzQgzdDLpoge7MCGz3qxbt4PRC2RBQDVKtmaTQ9zhd7fGpJYmJ5MPczDVv8RciBQPf5fZ3g0gbkuMaiTPEySjqHJu9IX0hJ397HOCPvxEA5UNpP7CH6W5Zvm6r6X5qTwfYp3mhTsaCtpAMhwpLRguRFC6P9CaUSi7n5A1musfqPyZ3iAgLfUQDa3t"
"Transducer Turret Main Body","Precision Machined Aluminum Turret","Main body of the 8-position motorized rotary turret for transducers, precision machined aluminum.","mechanical","mechanism",1,400.00,400.00,"https://www.amazon.com/s?k=precision+machined+aluminum+turret+rotary"
"Turret Kinematic Mount (T-450)","Precision Kinematic Mount","Kinematic mount for repeatable positioning of the T-450 transducer in the turret.","mechanical","mechanism",1,70.00,70.00,"https://www.amazon.com/s?k=precision+kinematic+mount"
"Turret Kinematic Mount (T-709)","Precision Kinematic Mount","Kinematic mount for repeatable positioning of the T-709 transducer in the turret.","mechanical","mechanism",1,70.00,70.00,"https://www.amazon.com/s?k=precision+kinematic+mount"
"Turret Kinematic Mount (T-788)","Precision Kinematic Mount","Kinematic mount for repeatable positioning of the T-788 transducer in the turret.","mechanical","mechanism",1,70.00,70.00,"https://www.amazon.com/s?k=precision+kinematic+mount"
"Turret Kinematic Mount (T-886)","Precision Kinematic Mount","Kinematic mount for repeatable positioning of the T-886 transducer in the turret.","mechanical","mechanism",1,70.00,70.00,"https://www.amazon.com/s?k=precision+kinematic+mount"
"Turret Kinematic Mount (T-1013)","Precision Kinematic Mount","Kinematic mount for repeatable positioning of the T-1013 transducer in the turret.","mechanical","mechanism",1,70.00,70.00,"https://www.amazon.com/s?k=precision+kinematic+mount"
"Turret Kinematic Mount (T-1182)","Precision Kinematic Mount","Kinematic mount for repeatable positioning of the T-1182 transducer in the turret.","mechanical","mechanism",1,70.00,70.00,"https://www.amazon.com/s?k=precision+kinematic+mount"
"Turret Kinematic Mount (T-1773)","Precision Kinematic Mount","Kinematic mount for repeatable positioning of the T-1773 transducer in the turret.","mechanical","mechanism",1,70.00,70.00,"https://www.amazon.com/s?k=precision+kinematic+mount"
"Turret Kinematic Mount (T-2000)","Precision Kinematic Mount","Kinematic mount for repeatable positioning of the T-2000 transducer in the turret.","mechanical","mechanism",1,70.00,70.00,"https://www.amazon.com/s?k=precision+kinematic+mount"
"Turret Stepper Motor Mount","","3D printed mount for the turret's stepper motor.","mechanical","3d_printed",1,2.00,2.00,"https://www.amazon.com/s?k=petg+filament"
"X-Axis Linear Rail","MGN12H Linear Rail","MGN12H linear rail for X-axis movement of the primary XYZ stage.","mechanical","mechanism",1,35.00,35.00,"https://s.click.aliexpress.com/s/fwx308cRD9Eny963e3KDdYxyIpNj8TXVr7saiF9Um5rMUg1kZtJALLnfa2LNXtiVgnxdD8Og6MmvwBoxhnSYQGM6r0c08U4TfX8DFGo7vviCuu3q62Q60OAhRZcqm3G8PtwM69xY7TOEWRrvulP5ukZQ4uQbBBtaVsdr6EffAqVmp3O5GyUANU2DoA3dJufNhDfh7KOlLgKIvRVhDxRESHLmea6fTE26gLUqKEUuuizJiLENrCbax94DZHDu8WhaXM9vQ86gzlqceNPO5w3vwXm4VrBF3x2lAMEl06wgNdTSMiT7cNG4HIdW0JxxbzMrjsDzzFBs2PQOLs655r96QwKb1ahTJpuyhwepFwwHSbjozbxJur9VFFq8X8XlsxiED0OYzaaWjbRLLuQGCJ3JiMw8srXm74EXxUjCd7DIcyERGIq7GBsMWcs6MoEFpCNGgS5DsrdASyjDOmvQZr0EIgqokpHo09Euy9yDsTvScVNYcvangFc4DdbmEIbTMoBDeyKSIml0q6a4O97pEYVLRwSPjpOhC4nyb88tTvAGZWSIlLX9ONX47z3moGZc1GgqyubNSxBHT3qearbT9NRmve3nZ06OiTxpCexZwLH1na6nssbDsFsOfCwIjYhYj6TNS2wP49KZaf51iNlz2jHi4rg76GL3kPmOUY75TRxqOyj2GxdJitBLvCNECqbJmk8YNwfFyOTv15pstyZzni9s2o7zxKekAWH6tiOkyOjFgIpjkDHugKCnjRULRGlchqVhgjZ3qjqSMGnD0tUaV9rXA8q5mG991e7MFuLM0Mb50AfcqQ5A1ttmOsMcG4FkAmQZvmZF4jbQlPHcBclPeuRFVRnaBHzRJI5boFf98VOAXOEtKlFFPfZHO1JCHGfXDStzQ4Qc4Tl6WhzKkC1HF1bFtoROm0woFGxW8vw8svTUamahcbWWB0nE0VMbD8OBdKZzIM5DV1tkiJ2Flo8gmf"
"Y-Axis Linear Rail","MGN12H Linear Rail","MGN12H linear rail for Y-axis movement of the primary XYZ stage.","mechanical","mechanism",1,35.00,35.00,"https://s.click.aliexpress.com/s/fwx308cRD9Eny963e3KDdYxyIpNj8TXVr7saiF9Um5rMUg1kZtJALLnfa2LNXtiVgnxdD8Og6MmvwBoxhnSYQGM6r0c08U4TfX8DFGo7vviCuu3q62Q60OAhRZcqm3G8PtwM69xY7TOEWRrvulP5ukZQ4uQbBBtaVsdr6EffAqVmp3O5GyUANU2DoA3dJufNhDfh7KOlLgKIvRVhDxRESHLmea6fTE26gLUqKEUuuizJiLENrCbax94DZHDu8WhaXM9vQ86gzlqceNPO5w3vwXm4VrBF3x2lAMEl06wgNdTSMiT7cNG4HIdW0JxxbzMrjsDzzFBs2PQOLs655r96QwKb1ahTJpuyhwepFwwHSbjozbxJur9VFFq8X8XlsxiED0OYzaaWjbRLLuQGCJ3JiMw8srXm74EXxUjCd7DIcyERGIq7GBsMWcs6MoEFpCNGgS5DsrdASyjDOmvQZr0EIgqokpHo09Euy9yDsTvScVNYcvangFc4DdbmEIbTMoBDeyKSIml0q6a4O97pEYVLRwSPjpOhC4nyb88tTvAGZWSIlLX9ONX47z3moGZc1GgqyubNSxBHT3qearbT9NRmve3nZ06OiTxpCexZwLH1na6nssbDsFsOfCwIjYhYj6TNS2wP49KZaf51iNlz2jHi4rg76GL3kPmOUY75TRxqOyj2GxdJitBLvCNECqbJmk8YNwfFyOTv15pstyZzni9s2o7zxKekAWH6tiOkyOjFgIpjkDHugKCnjRULRGlchqVhgjZ3qjqSMGnD0tUaV9rXA8q5mG991e7MFuLM0Mb50AfcqQ5A1ttmOsMcG4FkAmQZvmZF4jbQlPHcBclPeuRFVRnaBHzRJI5boFf98VOAXOEtKlFFPfZHO1JCHGfXDStzQ4Qc4Tl6WhzKkC1HF1bFtoROm0woFGxW8vw8svTUamahcbWWB0nE0VMbD8OBdKZzIM5DV1tkiJ2Flo8gmf"
"Z-Axis Linear Rail","MGN15H Linear Rail","MGN15H linear rail for Z-axis movement of the primary XYZ stage.","mechanical","mechanism",1,40.00,40.00,"https://s.click.aliexpress.com/s/fwx308cRD9Eny963e3KDdYxyIpNj8TXVr7saiF9Um5rMUg1kZtJALLnfa2LNXtiVgnxdD8Og6MmvwBoxhnSYQGM6r0c08U4TfX8DFGo7vviCuu3q62Q60OAhRZcqm3G8PtwM69xY7TOEWRrvulP5ukZQ4uQbBBtaVsdr6EffAqVmp3O5GyUANU2DoA3dJufNhDfh7KOlLgKIvRVhDxRESHLmea6fTE26gLUqKEUuuizJiLENrCbax94DZHDu8WhaXM9vQ86gzlqceNPO5w3vwXm4VrBF3x2lAMEl06wgNdTSMiT7cNG4HIdW0JxI2SQmCOTGgyl1SmXiANonD0ws5ubt0W3zxe7boC3sEIwFq7gbNfyHa897dx5MUfF66Y8dtTgjTPFvoE6zwzvdEj1ALt15FaqWy1XmoNVplEj5IImhkY4dgYUMv0fqTcO7RcLOORNW5SPz40GeugGRgq310qCPOwFrTzuqiMypKdycHfDqsmhSTGMKMM1lKeCZCqnEDAqYbRMZZ9gMlfCg8fKGk6ni0jcBuEBWRJWa0lbRiWyQrf5gullcY7FKfJB7P8HSln0QfP9NblYhLOvAtHzQi9cfcJjd0sIXZhetqNdQ74HkRONP2EnBb4VHazZLtLNyapWAI6pMFvLJMUjscxJlKjNCSV7GFPfXW2OZDgaEsli6M8vaq9d7V6VM8JMjfK7M2ns9lDkhkeMrtDGanc3LFCjBbn7Kt001qv5QDErl65B6QdBi4KBrItHR4bjVDi64rFPRjWgptktDAgZnlglS1vGyLCWMwedG6vPZdoYpb4tMcVZowdQLCWzYaecDfw2jrVyAofHZ5w3yOSvnLr50Ku8yN260zLUYYgCrNcnhv79XgCho3fCGbi0MsSrdJ08nxBxkQ3VWjQ4fuOYsX7O24r29v7Eqp0mh4oEIFOFEmc13tOHBvRpdOMzETUcH1TJoB1r7hvTdG40jYfTP9t"
"X-Axis Leadscrew","T8x2mm 4-Start Leadscrew","T8x2mm 4-start leadscrew for X-axis movement.","mechanical","mechanism",1,10.00,10.00,"https://www.amazon.com/s?k=T8x2mm+4-start+leadscrew+100mm"
"Y-Axis Leadscrew","T8x2mm 4-Start Leadscrew","T8x2mm 4-start leadscrew for Y-axis movement.","mechanical","mechanism",1,10.00,10.00,"https://www.amazon.com/s?k=T8x2mm+4-start+leadscrew+100mm"
"Z-Axis Leadscrew","T8x2mm 4-Start Leadscrew","T8x2mm 4-start leadscrew for Z-axis movement.","mechanical","mechanism",1,10.00,10.00,"https://www.amazon.com/s?k=T8x2mm+4-start+leadscrew+100mm"
"X-Axis Stepper Mount","","3D printed mount for the X-axis NEMA 17 stepper motor.","mechanical","3d_printed",1,2.50,2.50,"https://www.amazon.com/s?k=petg+filament"
"Y-Axis Stepper Mount","","3D printed mount for the Y-axis NEMA 17 stepper motor.","mechanical","3d_printed",1,2.50,2.50,"https://www.amazon.com/s?k=petg+filament"
"Z-Axis Stepper Mount","","3D printed mount for the Z-axis NEMA 17 stepper motor.","mechanical","3d_printed",1,2.50,2.50,"https://www.amazon.com/s?k=petg+filament"
"Leadscrew Nut Block","","3D printed nut block for the leadscrews, integrates with linear rails.","mechanical","3d_printed",3,1.50,4.50,"https://www.amazon.com/s?k=petg+filament"
"Cell Culture Chamber Frame","","3D printed frame to hold the fused quartz bottom and borosilicate glass walls of the cell culture chamber.","mechanical","3d_printed",1,2.00,2.00,"https://www.amazon.com/s?k=petg+filament"
"Fused Quartz Chamber Bottom","25mm Fused Quartz Disc","Acoustically transparent fused quartz disc for the cell culture chamber bottom.","mechanical","misc",1,40.00,40.00,"https://www.amazon.com/s?k=fused+quartz+disc+25mm+1mm"
"Borosilicate Chamber Wall","Borosilicate Glass Tubing","Borosilicate glass cylinder forming the walls of the cell culture chamber.","mechanical","misc",1,15.00,15.00,"https://www.amazon.com/dp/B0C7G3FCPC?tag=blueprintam-20&linkCode=osi&th=1&psc=1"
"Chamber O-Ring Seal","FKM O-Ring 45mm ID","FKM O-ring for sealing the cell culture chamber lid.","mechanical","misc",2,2.00,4.00,"https://www.amazon.com/s?k=fkm+o-ring+45mm+id"
"Cell Culture Chamber Lid","","3D printed lid for the cell culture chamber, includes gas ports and groove for O-ring.","mechanical","3d_printed",1,1.50,1.50,"https://www.amazon.com/s?k=petg+filament"
"Phantom Holder Base","","3D printed base for holding tissue-mimicking phantoms, attaches to XYZ stage.","mechanical","3d_printed",1,5.00,5.00,"https://www.amazon.com/s?k=petg+filament"
"Phantom Depth Adjustment Mechanism","","3D printed mechanism for 0-12 cm depth adjustment of phantoms, 1mm increments.","mechanical","3d_printed",1,7.00,7.00,"https://www.amazon.com/s?k=petg+filament"
"Tissue-Mimicking Phantom Set","Custom Agar/Glycerol Phantoms","Set of 9 custom-made cylindrical phantoms with embedded cell-suspension chambers.","mechanical","misc",9,150.00,1350.00,"https://www.amazon.com/s?k=agar+glycerol+gel+materials"
"Small-Animal Stage Base Platform","Anodized Aluminum Plate","Anodized aluminum platform for the heated small-animal stage.","mechanical","structural",1,30.00,30.00,"https://www.adafruit.com/product/5133"
"Animal Stage Heating Block","Aluminum Heating Block","Aluminum block for mounting Peltier TEC, provides even heating to animal stage.","mechanical","structural",1,20.00,20.00,"https://www.amazon.com/dp/B0DFGPZMTM?tag=blueprintam-20&linkCode=osi&th=1&psc=1"
"Anesthesia Nose Cone Holder","","3D printed holder for the anesthesia nose cone, adjustable position.","mechanical","3d_printed",1,2.50,2.50,"https://www.amazon.com/s?k=petg+filament"
"Respiration Pad Holder","","3D printed holder for the respiration pressure pad under the animal.","mechanical","3d_printed",1,1.50,1.50,"https://www.amazon.com/s?k=petg+filament"
"Water Coupling Membrane Window","Flexible Silicone Membrane","Flexible membrane window for coupling degassed water bath to animal xenograft site.","mechanical","misc",1,10.00,10.00,"https://www.amazon.com/s?k=flexible+silicone+membrane+50x50mm"
"Recovery Chamber Enclosure","Small Animal Recovery Chamber","Separate heated enclosure for post-anesthesia animal recovery.","mechanical","enclosure",1,75.00,75.00,"https://www.amazon.com/s?k=small+animal+recovery+chamber+heated"
"Reflector Plate","304 Stainless Steel Plate","304 stainless steel reflector plate for acoustic field manipulation.","mechanical","structural",1,15.00,15.00,"https://www.adafruit.com/product/3718"
"Reflector Actuator Mount","","3D printed mount for the linear actuator controlling the reflector position.","mechanical","3d_printed",1,3.00,3.00,"https://www.amazon.com/s?k=petg+filament"
"Reflector Tilt Mechanism","","3D printed mechanism for ±15° motorized tilt of the reflector plate.","mechanical","3d_printed",1,4.00,4.00,"https://www.amazon.com/s?k=petg+filament"
"Hydrophone XYZ Mount Base","","3D printed base for mounting the hydrophone to the XYZ stage, allowing precise positioning.","mechanical","3d_printed",1,2.00,2.00,"https://www.amazon.com/s?k=petg+filament"
"PCD Sensor Mount","","3D printed mount for the Passive Cavitation Detection (PCD) sensor.","mechanical","3d_printed",1,1.50,1.50,"https://www.amazon.com/s?k=petg+filament"
"Display Bezel","","3D printed bezel for mounting the 7-inch touchscreen display to the front panel.","mechanical","3d_printed",1,3.00,3.00,"https://www.amazon.com/s?k=abs+filament"
"E-Stop Button Panel Mount","22mm E-Stop Panel Adapter","Panel mount adapter for the E-stop button.","mechanical","misc",1,5.00,5.00,"https://www.amazon.com/dp/B0GP98HHH5?tag=blueprintam-20&linkCode=osi&th=1&psc=1"
"USB Panel Mount Adapter","USB 3.0 Panel Mount Connector","USB 3.0 panel mount connector for front panel access.","mechanical","misc",1,10.00,10.00,"https://s.click.aliexpress.com/s/fwx308cRD9Eny963e3KDdYxyIpNj8TXVr7saiF9Um5rMUg1kZtJALLnfa2LNXtiVgnxdD8Og6MmvwBoxhnSYQGM6r0c08U4TfX8DFGo7vviCuu3q62Q60OAhRZcqm3G8PtwM69xY7TOEWRrvulP5ukZQ4uQbBBtaVsdr6EffAqVmp3O5GyUANU2DoA3dJufNhDfh7KOlLgKIvRVhDxRESHLmea6fTE26gLUqKEUuuizJiLENrCbax94DZHDu8WhaXM9vQ86gzlqceNPO5w3vwXm4VrBF3x2lAMEl06wgNdTSMiT7cNG4HIdW0JxfRfhOlGyxTwZE2p7nz1IE8kAP9s2iQB0SdOzvz5rc4hOqcTP2ANjX4QfoZtX8eUdixS0xPSQYa75jTn74JRclRWdSZow4zes2kQuUhyh8px9nyusxmyMKNm0CHpysCa9bmYmoir7ShdBsgyOIESNQTdBtBUcUkIABbWQuf7LQe203qViHplqcZ4bSS49aXmOi2070UKhvKH2v6gXWnbbuIVBc181CRLy5lD2fS0upqMuvfztXhFuGkADpwV2iXrEl8wXshHaST9whZDF0m75OFIds61s81PdYTLYE9AIcH0EyLtn74TwEeBV1jGkameAGKKEPWHhKvV9J1fhRmhCHKElO3nylqiyf2APSn6EkH9bpJfqr5v0vEZwnOWgLC41xOVjBzMBRlhiEUJEvEEqDCp6ACE6okup7IHf1bnXgFEloAtXx6e6oPpvLPIQOw3s6NAREDv5chmiF0a3QDHIYOTiD3DF8JOEOEMHDeeEoKD9MoxvTLQgHi5EPPGiZkYlUPy5T1UFjJGSvqLOM3cApsdTh42jFOv6wPazKwftZE6wAWoMLqzVgmtdHkpTjPuOWjC8gWSI7k2PfaHfkpTWukoU5cC2DXj9Bom2Cx0ygHSGlYckMj1ZI9l9pPDQmbhWbzGiLwUoeAe5gBmknuYsJGP"
"IEC Power Inlet","IEC 320 C14 Power Inlet","Standard IEC C14 power inlet for main power connection.","mechanical","misc",1,8.00,8.00,"https://s.click.aliexpress.com/s/fwx308cRD9Eny963e3KDdYxyIpNj8TXVr7saiF9Um5rMUg1kZtJALLnfa2LNXtiVgnxdD8Og6MmvwBoxhnSYQGM6r0c08U4TfX8DFGo7vviCuu3q62Q60OAhRZcqm3G8PtwM69xY7TOEWRrvulP5ukZQ4uQbBBtaVsdr6EffAqVmp3O5GyUANU2DoA3dJufNhDfh7KOlLgKIvRVhDxRESHLmea6fTE26gLUqKEUuuizJiLENrCbax94DZHDu8WhaXM9vQ86gzlqceNPO5w3vwXm4VrBF3x2lAMEl06wgNdTSMiT7cNG4HIdW0Jxw8kkajGCe2GKanoUlqPNJus7l6WStrQ6fjxOVbdlMXqVXWG4Kx8sRgt0Taun3cOGNQkgHo6n61wlgrkLs3drS0pWz07QL4jyzjbmTiXNGatiQxiSiqLqgRqtFZnyUXViXiTUOo9vAUVe2aaGnm5wTY4SxS2mJ6oLkF7LOCWNkbm7oSoMWWmemJUTNGZj331jgibt8lv2FDVgFck3RIyHOREZ6eZ4GyXlpjzjUBlMa4bBpE5Ard2iOZBhlAtz9vAuTPqWgePGAYMLXnLvE0ChNnZGyaoWfYLAdPlpkUHSUBWl3hWfZ7JP4PAt6AFAQKut5XtSYfCxvYl6bGTgMKPhw3W1p3kbL1EEOwU6WPQArHglfB5G4jjd3w1uV50YmsgbAaVStEjJEGEVrOOP2nSnGgSYEFC97sUiWYuaYfJ43N4vd0aISn3qaFZ8UPn47fgAzN06KbSRti7VS8rVHKDSCQUwnkHIUzebckEOFLJP4RZoF5TfjAGLbopkvus5VJWBGWYczxMt4pzq0Jx83p1L7a38i8UU3Dj3e8Vq68vGgj9bQ3sMwF1c17VDumaI9PssZcJVVlmQBocCoS3MY3xZoZZNH9TYBPAXIYyNHzcKcl5jVOw8osHMqJk7186Qz3ap0xcZxGwXjJgXLP1SSeredkr"
"Ethernet Panel Mount","RJ45 Panel Mount Jack","RJ45 panel mount jack for Ethernet connectivity on the rear panel.","mechanical","misc",1,7.00,7.00,"https://www.amazon.com/dp/B0CPZX5B3G?tag=blueprintam-20&linkCode=osi&th=1&psc=1"
"Gas Port Fittings","Barbed Hose Fittings","Small barbed hose fittings for gas input/output on the rear panel.","mechanical","misc",4,3.00,12.00,"https://www.amazon.com/dp/B0F2H4WCPF?tag=blueprintam-20&linkCode=osi&th=1&psc=1"
"Waste Gas Scavenging Connector","Quick Connect Hose Barb","Quick connect hose barb for anesthesia waste gas scavenging line.","mechanical","misc",1,12.00,12.00,"https://www.amazon.com/s?k=quick+connect+hose+barb"
"Optical O2 Sensor Holder","","3D printed holder for the optical O2 sensor in the cell culture chamber.","mechanical","3d_printed",1,1.00,1.00,"https://www.amazon.com/s?k=petg+filament"
"CO2 Sensor Housing","","3D printed housing for the CO2 NDIR sensor in the cell culture chamber.","mechanical","3d_printed",1,1.50,1.50,"https://www.amazon.com/s?k=petg+filament"
"Safety Relay DIN Rail","35mm DIN Rail","Standard 35mm DIN rail for mounting the Pilz safety relay and other modules.","mechanical","misc",1,5.00,5.00,"https://www.amazon.com/dp/B088FC2KB8?tag=blueprintam-20&linkCode=osi&th=1&psc=1"
"Power Supply Mount Bracket","","3D printed brackets for mounting the main 24V power supply.","mechanical","3d_printed",2,2.00,4.00,"https://www.amazon.com/s?k=petg+filament"
"Buck Converter Enclosure","","Small 3D printed enclosure for housing buck/LDO converters for safety.","mechanical","3d_printed",3,1.80,5.40,"https://www.amazon.com/s?k=abs+filament"
"Imaging Camera Mount","","3D printed adjustable mount for the FLIR imaging camera.","mechanical","3d_printed",1,3.00,3.00,"https://www.amazon.com/s?k=petg+filament"
"LED Illumination Mount","","3D printed mount for the 470nm LED illumination ring/strip.","mechanical","3d_printed",1,1.50,1.50,"https://www.amazon.com/s?k=petg+filament"
"Secondary XYZ Axis Frame","30x30mm Aluminum Extrusion","Small aluminum extrusion frame for the secondary imaging probe XYZ stage.","mechanical","structural",1,45.00,45.00,"https://www.adafruit.com/product/1220"
"Imaging Probe Mount","","3D printed mount for the small-animal B-mode ultrasound imaging probe.","mechanical","3d_printed",1,2.50,2.50,"https://www.amazon.com/s?k=petg+filament"
"Zynq Board Mount","","3D printed standoffs/mount for the Zynq UltraScale+ MPSoC board on the bottom shelf.","mechanical","3d_printed",1,2.00,2.00,"https://www.amazon.com/s?k=petg+filament"
"STM32 Watchdog Mount","","Small 3D printed mount for the STM32F0 watchdog MCU board.","mechanical","3d_printed",1,0.50,0.50,"https://www.amazon.com/s?k=petg+filament"
"High-Speed DDS DAC Mount","","Adapter plate for the High-Speed DDS DAC that bolts to the main chassis with M3 hardware. Includes wire-routing channels.","mechanical","3d_printed",1,2.00,2.00,""
"RF Variable Attenuator Mount","","Adapter plate for the RF Variable Attenuator that bolts to the main chassis with M3 hardware. Includes wire-routing channels.","mechanical","3d_printed",1,2.00,2.00,""
"RF Relay Matrix (Amp A Input) Mount","","Adapter plate for the RF Relay Matrix (Amp A Input) that bolts to the main chassis with M3 hardware. Includes wire-routing channels.","mechanical","3d_printed",1,2.00,2.00,""
"RF Relay Matrix (Amp B Input) Mount","","Adapter plate for the RF Relay Matrix (Amp B Input) that bolts to the main chassis with M3 hardware. Includes wire-routing channels.","mechanical","3d_printed",1,2.00,2.00,""
"RF Relay Matrix (Transducer Output) Mount","","Adapter plate for the RF Relay Matrix (Transducer Output) that bolts to the main chassis with M3 hardware. Includes wire-routing channels.","mechanical","3d_printed",1,2.00,2.00,""
"Directional Coupler (Amp A) Mount","","Adapter plate for the Directional Coupler (Amp A) that bolts to the main chassis with M3 hardware. Includes wire-routing channels.","mechanical","3d_printed",1,2.00,2.00,""
"Directional Coupler (Amp B) Mount","","Adapter plate for the Directional Coupler (Amp B) that bolts to the main chassis with M3 hardware. Includes wire-routing channels.","mechanical","3d_printed",1,2.00,2.00,""
"Power Monitor ADC Mount","","Form-fitting cradle for the Power Monitor ADC that holds the sensing surface in its rated orientation. Snap-fit retention so it can be removed for calibration without tools.","mechanical","3d_printed",1,2.00,2.00,""
"Matching Network (Transducer 2) Mount","","Adapter plate for the Matching Network (Transducer 2) that bolts to the main chassis with M3 hardware. Includes wire-routing channels.","mechanical","3d_printed",1,2.00,2.00,""
"Matching Network (Transducer 3) Mount","","Adapter plate for the Matching Network (Transducer 3) that bolts to the main chassis with M3 hardware. Includes wire-routing channels.","mechanical","3d_printed",1,2.00,2.00,""
"Matching Network (Transducer 4) Mount","","Adapter plate for the Matching Network (Transducer 4) that bolts to the main chassis with M3 hardware. Includes wire-routing channels.","mechanical","3d_printed",1,2.00,2.00,""
"Matching Network (Transducer 5) Mount","","Adapter plate for the Matching Network (Transducer 5) that bolts to the main chassis with M3 hardware. Includes wire-routing channels.","mechanical","3d_printed",1,2.00,2.00,""
"Matching Network (Transducer 6) Mount","","Adapter plate for the Matching Network (Transducer 6) that bolts to the main chassis with M3 hardware. Includes wire-routing channels.","mechanical","3d_printed",1,2.00,2.00,""
"Matching Network (Transducer 7) Mount","","Adapter plate for the Matching Network (Transducer 7) that bolts to the main chassis with M3 hardware. Includes wire-routing channels.","mechanical","3d_printed",1,2.00,2.00,""
"Matching Network (Transducer 8) Mount","","Adapter plate for the Matching Network (Transducer 8) that bolts to the main chassis with M3 hardware. Includes wire-routing channels.","mechanical","3d_printed",1,2.00,2.00,""
"RF Pulse Switch Mount","","Adapter plate for the RF Pulse Switch that bolts to the main chassis with M3 hardware. Includes wire-routing channels.","mechanical","3d_printed",1,2.00,2.00,""
"Hydrophone Pre-amplifier Mount","","Adapter plate for the Hydrophone Pre-amplifier that bolts to the main chassis with M3 hardware. Includes wire-routing channels.","mechanical","3d_printed",1,2.00,2.00,""
"PCD Bandpass Filter Bank Mount","","Adapter plate for the PCD Bandpass Filter Bank that bolts to the main chassis with M3 hardware. Includes wire-routing channels.","mechanical","3d_printed",1,2.00,2.00,""
"X-Axis Stepper Driver Mount","","Adapter plate for the X-Axis Stepper Driver that bolts to the main chassis with M3 hardware. Includes wire-routing channels.","mechanical","3d_printed",1,2.00,2.00,""
"Y-Axis Stepper Driver Mount","","Adapter plate for the Y-Axis Stepper Driver that bolts to the main chassis with M3 hardware. Includes wire-routing channels.","mechanical","3d_printed",1,2.00,2.00,""
"Z-Axis Stepper Driver Mount","","Adapter plate for the Z-Axis Stepper Driver that bolts to the main chassis with M3 hardware. Includes wire-routing channels.","mechanical","3d_printed",1,2.00,2.00,""
"X-Axis Rotary Encoder Mount","","Form-fitting cradle for the X-Axis Rotary Encoder that holds the sensing surface in its rated orientation. Snap-fit retention so it can be removed for calibration without tools.","mechanical","3d_printed",1,2.00,2.00,""
"Y-Axis Rotary Encoder Mount","","Form-fitting cradle for the Y-Axis Rotary Encoder that holds the sensing surface in its rated orientation. Snap-fit retention so it can be removed for calibration without tools.","mechanical","3d_printed",1,2.00,2.00,""
"Z-Axis Rotary Encoder Mount","","Form-fitting cradle for the Z-Axis Rotary Encoder that holds the sensing surface in its rated orientation. Snap-fit retention so it can be removed for calibration without tools.","mechanical","3d_printed",1,2.00,2.00,""
"PT100 RTD (Cell Chamber) Mount","","Form-fitting cradle for the PT100 RTD (Cell Chamber) that holds the sensing surface in its rated orientation. Snap-fit retention so it can be removed for calibration without tools.","mechanical","3d_printed",1,2.00,2.00,""
"RTD Amplifier (Cell Chamber) Mount","","Adapter plate for the RTD Amplifier (Cell Chamber) that bolts to the main chassis with M3 hardware. Includes wire-routing channels.","mechanical","3d_printed",1,2.00,2.00,""
"Animal Stage Heater Mount","","Per-position bracket for the Animal Stage Heater with M3 mounting holes matched to its bolt pattern. Rated for the actuator's continuous torque/load class.","mechanical","3d_printed",1,2.00,2.00,""
"PT100 RTD (Animal Stage) Mount","","Form-fitting cradle for the PT100 RTD (Animal Stage) that holds the sensing surface in its rated orientation. Snap-fit retention so it can be removed for calibration without tools.","mechanical","3d_printed",1,2.00,2.00,""
"RTD Amplifier (Animal Stage) Mount","","Adapter plate for the RTD Amplifier (Animal Stage) that bolts to the main chassis with M3 hardware. Includes wire-routing channels.","mechanical","3d_printed",1,2.00,2.00,""
"Chiller Loop Thermoelectric Module Mount","","Per-position bracket for the Chiller Loop Thermoelectric Module with M3 mounting holes matched to its bolt pattern. Rated for the actuator's continuous torque/load class.","mechanical","3d_printed",1,2.00,2.00,""
"Water Bath Temperature Sensor Mount","","Form-fitting cradle for the Water Bath Temperature Sensor that holds the sensing surface in its rated orientation. Snap-fit retention so it can be removed for calibration without tools.","mechanical","3d_printed",1,2.00,2.00,""
"Reflector Linear Encoder Mount","","Form-fitting cradle for the Reflector Linear Encoder that holds the sensing surface in its rated orientation. Snap-fit retention so it can be removed for calibration without tools.","mechanical","3d_printed",1,2.00,2.00,""
"Door Interlock Switch Mount","","Form-fitting cradle for the Door Interlock Switch that holds the sensing surface in its rated orientation. Snap-fit retention so it can be removed for calibration without tools.","mechanical","3d_printed",1,2.00,2.00,""
"Hardware Thermal Cutoff Comparator Mount","","Adapter plate for the Hardware Thermal Cutoff Comparator that bolts to the main chassis with M3 hardware. Includes wire-routing channels.","mechanical","3d_printed",1,2.00,2.00,""
"Hardware Pressure Limit Comparator Mount","","Adapter plate for the Hardware Pressure Limit Comparator that bolts to the main chassis with M3 hardware. Includes wire-routing channels.","mechanical","3d_printed",1,2.00,2.00,""
"Animal Body Temp Window Comparator Mount","","Adapter plate for the Animal Body Temp Window Comparator that bolts to the main chassis with M3 hardware. Includes wire-routing channels.","mechanical","3d_printed",1,2.00,2.00,""
"Anesthesia Waste Gas Flow Sensor Mount","","Form-fitting cradle for the Anesthesia Waste Gas Flow Sensor that holds the sensing surface in its rated orientation. Snap-fit retention so it can be removed for calibration without tools.","mechanical","3d_printed",1,2.00,2.00,""
"Transducer Turret Stepper Driver Mount","","Adapter plate for the Transducer Turret Stepper Driver that bolts to the main chassis with M3 hardware. Includes wire-routing channels.","mechanical","3d_printed",1,2.00,2.00,""
"Reflector Stage Stepper Driver Mount","","Adapter plate for the Reflector Stage Stepper Driver that bolts to the main chassis with M3 hardware. Includes wire-routing channels.","mechanical","3d_printed",1,2.00,2.00,""